scraper,base_type,scraper_type,module_name,class_name,disabled,uid_only,uid_num,comment
Aberdeen,DateScraper,Idox,scrapers.dates.idoxscots,AberdeenScraper,False,False,False,was Custom Scraper
Aberdeenshire,DateScraper,Idox,scrapers.dates.idoxscots,AberdeenshireScraper,False,False,False,
AdurWorthing,DateReqScraper,IdoxReq,scrapers.reqs.idoxreq,AdurWorthingScraper,False,False,False,Combined planning service covering Adur and Worthing
Alderney,NoScraper,None,scrapers.no,AlderneyScraper,True,False,False,No scraper - site has PDFs only
Allerdale,DateScraper,AppSearchServ,scrapers.dates.appsearchserv,AllerdaleScraper,False,False,False,
AmberValley,DateScraper,Custom,scrapers.dates.ambervalley,AmberValleyScraper,False,True,False,
Anglesey,NoScraper,None,scrapers.no,AngleseyScraper,True,False,False,No scraper - site has PDFs only
Angus,DateScraper,Idox,scrapers.dates.idoxscots,AngusScraper,False,False,False,
AntrimNewtownabbey,DateScraper,IdoxNI,scrapers.dates.idoxni,AntrimNewtownabbeyScraper,False,False,False,
ArdsNorthDown,DateScraper,IdoxNI,scrapers.dates.idoxni,ArdsNorthDownScraper,False,False,False,
Argyll,DateScraper,Idox,scrapers.dates.idoxscots,ArgyllScraper,False,False,False,
ArmaghBanbridgeCraigavon,DateScraper,IdoxNI,scrapers.dates.idoxni,ArmaghBanbridgeCraigavonScraper,False,False,False,
Arun,DateScraper,Ocella2,scrapers.dates.ocella,ArunScraper,False,False,False,
Ashfield,DateScraper,Custom,scrapers.dates.ashfield,AshfieldScraper,False,False,False,
Ashford,ListScraper,Custom,scrapers.listers.ashford,AshfordScraper,False,False,True,
AylesburyVale,DateScraper,Idox,scrapers.dates.idox2,AylesburyValeScraper,False,False,False,
BaberghMidSuffolk,DateScraper,Idox,scrapers.dates.idox2,BaberghMidSuffolkScraper,False,False,False,Combined planning service covering Babergh and Mid Suffolk
Barking,DateScraper,Idox,scrapers.dates.idox2,BarkingScraper,False,False,False,
Barnet,DateReqScraper,IdoxReq,scrapers.reqs.idoxreq,BarnetScraper,False,False,False,was AcolNet
Barnsley,DateScraper,PlanningExplorer,scrapers.dates.planningexplorer,BarnsleyScraper,False,False,False,
Barrow,DateScraper,Custom,scrapers.dates.barrow,BarrowScraper,False,False,False,
Basildon,DateScraper,Idox,scrapers.dates.idox2,BasildonScraper,False,False,False,
Basingstoke,DateReqScraper,IdoxReq,scrapers.reqs.idoxreq,BasingstokeScraper,False,False,False,was AcolNet
Bassetlaw,DateScraper,Idox,scrapers.dates.idox2,BassetlawScraper,False,False,False,
Bath,DateScraper,Astun,scrapers.dates.astun,BathScraper,False,False,False,
Bedford,DateScraper,Idox,scrapers.dates.idox2,BedfordScraper,False,False,False,
Belfast,DateScraper,IdoxNI,scrapers.dates.idoxni,BelfastScraper,False,False,False,
Bexley,DateScraper,Idox,scrapers.dates.idox,BexleyScraper,False,False,False,
Birmingham,DateScraper,PlanningExplorer,scrapers.dates.planningexplorer,BirminghamScraper,False,False,False,
Blaby,DateScraper,Idox,scrapers.dates.idox2,BlabyScraper,False,False,False,
Blackburn,DateScraper,PlanningExplorer,scrapers.dates.planningexplorer,BlackburnScraper,False,False,False,
Blackpool,DateScraper,Idox,scrapers.dates.idoxendexc,BlackpoolScraper,False,False,False,
BlaenauGwent,NoScraper,None,scrapers.no,BlaenauGwentScraper,True,False,False,No scraper - site has PDFs only
Bolsover,DateScraper,Idox,scrapers.dates.idox2,BolsoverScraper,False,False,False,
Bolton,DateReqScraper,IdoxReq,scrapers.reqs.idoxreq,BoltonScraper,False,False,False,
Boston,DateScraper,Custom,scrapers.dates.boston,BostonScraper,False,False,False,Was SwiftLG before Sep 2014
Bournemouth,DateScraper,Custom,scrapers.dates.bournemouth,BournemouthScraper,False,False,False,
Bracknell,DateScraper,Idox,scrapers.dates.idox2,BracknellScraper,False,False,False,
Bradford,DateScraper,Idox,scrapers.dates.idox2,BradfordScraper,False,False,False,
Braintree,DateScraper,Idox,scrapers.dates.idox2,BraintreeScraper,False,False,False,
Breckland,DateScraper,Ocella2,scrapers.dates.ocella,BrecklandScraper,False,False,False,
BreconBeacons,DateScraper,Idox,scrapers.dates.idoxcrumb,BreconBeaconsScraper,False,False,False,
Brent,DateReqScraper,IdoxReq,scrapers.reqs.idoxreq,BrentScraper,False,False,False,was Custom
Brentwood,DateScraper,Idox,scrapers.dates.idox2,BrentwoodScraper,False,False,False,
Bridgend,DateScraper,GlamBridge,scrapers.dates.glambridge,BridgendScraper,False,False,False,was Ocella2 scraper
Brighton,DateScraper,Custom,scrapers.dates.brighton,BrightonScraper,False,False,False,
Bristol,DateScraper,Idox,scrapers.dates.idox2,BristolScraper,False,False,False,
Broadland,DateScraper,PlanningExplorer,scrapers.dates.planningexplorer,BroadlandScraper,False,False,False,
Broads,DateScraper,Idox,scrapers.dates.idoxcrumb,BroadsScraper,False,False,False,
Bromley,DateScraper,Idox,scrapers.dates.idox2,BromleyScraper,False,False,False,
BromsgroveRedditch,DateScraper,Idox,scrapers.dates.idox2,BromsgroveRedditchScraper,False,False,False,Combined planning service covering Bromsgrove and Redditch
Broxbourne,DateScraper,Civica,scrapers.dates.civica,BroxbourneScraper,False,True,False,
Broxtowe,ListScraper,AnnualList,scrapers.listers.broxtowe,BroxtoweScraper,False,False,False,
Buckinghamshire,DateScraper,Idox,scrapers.dates.idox2,BuckinghamshireScraper,False,False,False,
Burnley,DateScraper,Custom,scrapers.dates.burnley,BurnleyScraper,False,False,False,
Bury,DateScraper,Idox,scrapers.dates.idoxendexc,BuryScraper,False,False,False,was AcolNet
Caerphilly,DateScraper,Idox,scrapers.dates.idox2,CaerphillyScraper,False,False,False,
Cairngorms,DateScraper,Idox,scrapers.dates.idoxscots,CairngormsScraper,False,False,False,
Calderdale,DateScraper,Idox,scrapers.dates.idox2,CalderdaleScraper,False,False,False,
Cambridge,DateScraper,Idox,scrapers.dates.idox2,CambridgeScraper,False,False,False,
Cambridgeshire,DateScraper,SwiftLG,scrapers.dates.swiftlg,CambridgeshireScraper,False,False,False,was AcolNet
Camden,DateScraper,PlanningExplorer,scrapers.dates.planningexplorer,CamdenScraper,False,False,False,
CannockChase,DateScraper,SwiftLG,scrapers.dates.swiftlg,CannockChaseScraper,False,False,False,
Canterbury,DateScraper,Idox,scrapers.dates.idoxendexc,CanterburyScraper,False,False,False,was AcolNet
Cardiff,DateScraper,Idox,scrapers.dates.idoxendexc,CardiffScraper,False,False,False,
Carlisle,DateScraper,Idox,scrapers.dates.idoxendexc,CarlisleScraper,False,False,False,was AcolNet
Carmarthenshire,DateScraper,EAccessv2,scrapers.dates.eaccessv2,CarmarthenshireScraper,False,False,False,
CastlePoint,DateReqScraper,IdoxReq,scrapers.reqs.castlepoint,CastlePointScraper,False,False,False,Was Ocella up to April 2014
CausewayGlens,DateScraper,IdoxNI,scrapers.dates.idoxni,CausewayGlensScraper,False,False,False,
CentralBedfordshire,DateScraper,AcolNet,scrapers.dates.acolnet,CentralBedfordshireScraper,False,False,False,
Ceredigion,DateScraper,Custom,scrapers.dates.ceredigion,CeredigionScraper,False,True,False,
Charnwood,DateScraper,PlanningExplorer,scrapers.dates.planningexplorer,CharnwoodScraper,False,False,False,
Chelmsford,DateScraper,Idox,scrapers.dates.idox,ChelmsfordScraper,False,False,False,
Cheltenham,DateScraper,Idox,scrapers.dates.idoxcrumb,CheltenhamScraper,False,False,False,
Cherwell,DateScraper,Idox,scrapers.dates.idox2,CherwellScraper,False,False,False,
CheshireEast,DateScraper,Custom,scrapers.dates.cheshireeast,CheshireEastScraper,False,False,False,
Chester,DateScraper,Idox,scrapers.dates.idox,ChesterScraper,False,False,False,
Chesterfield,DateScraper,Idox,scrapers.dates.idox2,ChesterfieldScraper,False,False,False,Was custom date scraper up to May 2016
Chichester,DateScraper,Idox,scrapers.dates.idox2,ChichesterScraper,False,False,False,
Chiltern,DateScraper,Idox,scrapers.dates.idox2,ChilternScraper,False,False,False,
Chorley,DateScraper,Idox,scrapers.dates.idox2,ChorleyScraper,False,False,False,
Christchurch,DateScraper,CCED,scrapers.dates.cced,ChristchurchScraper,False,False,False,
City,DateScraper,Idox,scrapers.dates.idox2,CityScraper,False,False,False,
Clackmannanshire,DateReqScraper,IdoxReq,scrapers.reqs.idoxreq,ClackmannanshireScraper,False,False,False,
Colchester,PeriodScraper,Custom,scrapers.periodic.colchester,ColchesterScraper,False,False,False,
Conwy,DateScraper,PlanningExplorer,scrapers.dates.planningexplorer,ConwyScraper,False,False,False,
Copeland,NoScraper,None,scrapers.no,CopelandScraper,True,False,False,No scraper - site has PDFs only
Corby,DateScraper,Idox,scrapers.dates.idox2,CorbyScraper,False,False,False,
Cornwall,DateScraper,Idox,scrapers.dates.idox2,CornwallScraper,False,False,False,
Cotswold,DateScraper,Idox,scrapers.dates.idox2,CotswoldScraper,False,False,False,
CountyDurham,DateScraper,Idox,scrapers.dates.idox2,CountyDurhamScraper,False,False,False,
Coventry,DateScraper,AppSearchServ,scrapers.dates.appsearchserv,CoventryScraper,False,False,False,
Craven,DateScraper,Idox,scrapers.dates.idox2,CravenScraper,False,False,False,was Fastweb
Crawley,DateScraper,Custom,scrapers.dates.crawley,CrawleyScraper,False,False,False,
Croydon,DateScraper,Idox,scrapers.dates.idox2,CroydonScraper,False,False,False,
Cumbria,DateScraper,Atrium,scrapers.dates.atrium,CumbriaScraper,False,False,False,
Dacorum,DateScraper,Idox,scrapers.dates.idoxendexc,DacorumScraper,False,False,False,
Darlington,DateScraper,Civica,scrapers.dates.civica,DarlingtonScraper,False,True,False,
Dartford,DateScraper,Idox,scrapers.dates.idox2,DartfordScraper,False,False,False,
Dartmoor,DateScraper,Custom,scrapers.dates.dartmoor,DartmoorScraper,False,False,False,was custom ListScraper up to Aug 2016
Daventry,DateScraper,SwiftLG,scrapers.dates.swiftlg,DaventryScraper,False,False,False,
Denbighshire,DateScraper,Civica,scrapers.dates.civica,DenbighshireScraper,False,True,False,
Derby,DateScraper,Idox,scrapers.dates.idoxendexc,DerbyScraper,False,False,False,
Derbyshire,DateScraper,Custom,scrapers.dates.derbyshire,DerbyshireScraper,False,False,False,
DerbyshireDales,DateScraper,Idox,scrapers.dates.idox2,DerbyshireDalesScraper,False,False,False,
DerryStrabane,DateScraper,IdoxNI,scrapers.dates.idoxni,DerryStrabaneScraper,False,False,False,
Devon,DateScraper,Custom,scrapers.dates.devon,DevonScraper,False,False,False,
Doncaster,DateScraper,Idox,scrapers.dates.idox2,DoncasterScraper,False,False,False,
Dorset,DateScraper,Atrium,scrapers.dates.atrium,DorsetScraper,False,False,False,
Dover,DateScraper,Idox,scrapers.dates.idoxendexc,DoverScraper,False,False,False,
Dudley,DateScraper,SwiftLG,scrapers.dates.swiftlg,DudleyScraper,False,False,False,
Dumfries,DateScraper,Idox,scrapers.dates.idoxscots,DumfriesScraper,False,False,False,
Dundee,DateScraper,Idox,scrapers.dates.idoxscots,DundeeScraper,False,False,False,
Ealing,DateScraper,Idox,scrapers.dates.idox2,EalingScraper,False,False,False,was AppSearchServ up to end Jan 2016
EastAyrshire,DateScraper,Idox,scrapers.dates.idoxscots,EastAyrshireScraper,False,False,False,
EastCambridgeshire,DateScraper,Idox,scrapers.dates.idox2,EastCambridgeshireScraper,False,False,False,
EastDevon,DateScraper,Idox,scrapers.dates.idox2,EastDevonScraper,False,False,False,
EastDorset,DateScraper,CCED,scrapers.dates.cced,EastDorsetScraper,False,False,False,
EastDunbartonshire,DateScraper,Idox,scrapers.dates.idoxscots,EastDunbartonshireScraper,False,False,False,
EastHampshire,DateScraper,Idox,scrapers.dates.idoxendexc,EastHampshireScraper,False,False,False,
EastHertfordshire,DateScraper,Idox,scrapers.dates.idox2,EastHertfordshireScraper,False,False,False,
EastLindsey,DateScraper,Idox,scrapers.dates.idoxendexc,EastLindseyScraper,False,False,False,
EastLothian,DateScraper,Idox,scrapers.dates.idoxcrumb,EastLothianScraper,False,False,False,
EastNorthamptonshire,DateScraper,Idox,scrapers.dates.idoxcrumb,EastNorthamptonshireScraper,False,False,False,
EastRenfrewshire,DateScraper,Idox,scrapers.dates.idoxscots,EastRenfrewshireScraper,False,False,False,
EastRiding,DateScraper,Idox,scrapers.dates.idox2,EastRidingScraper,False,False,False,
EastStaffordshire,DateScraper,PlanningExplorer,scrapers.dates.planningexplorer,EastStaffordshireScraper,False,False,False,
EastSuffolk,DateScraper,Idox,scrapers.dates.idox2,EastSuffolkScraper,False,False,False,Combined planning service covering Suffolk Coastal and Waveney
EastSussex,DateReqScraper,Custom,scrapers.reqs.eastsussex,EastSussexScraper,False,False,False,
Eastbourne,DateScraper,Civica,scrapers.dates.civica,EastbourneScraper,False,True,False,
Eastleigh,NoScraper,None,scrapers.no,EastleighScraper,True,False,False,Was Fastweb - no scraper now - new site has complicated hidden JSON/Javascript implementation
Eden,DateScraper,Fastweb,scrapers.dates.fastweb,EdenScraper,False,False,False,
Edinburgh,DateScraper,Idox,scrapers.dates.idoxscots,EdinburghScraper,False,False,False,
Elmbridge,DateScraper,Custom,scrapers.dates.elmbridge,ElmbridgeScraper,False,False,False,
Enfield,DateScraper,Idox,scrapers.dates.idox2,EnfieldScraper,False,False,False,
EppingForest,DateScraper,PlanningExplorer,scrapers.dates.planningexplorer,EppingForestScraper,False,False,False,
Epsom,DateScraper,Idox,scrapers.dates.idoxcrumb,EpsomScraper,False,False,False,
Erewash,DateScraper,Civica,scrapers.dates.erewash,ErewashScraper,False,True,True,
Essex,DateScraper,Custom,scrapers.dates.essex,EssexScraper,False,False,False,Was SwiftLG
Exeter,DateScraper,AcolNet,scrapers.dates.acolnet,ExeterScraper,False,False,False,
Exmoor,PeriodScraper,Custom,scrapers.periodic.exmoor,ExmoorScraper,False,False,False,
Falkirk,DateScraper,Idox,scrapers.dates.idoxscots,FalkirkScraper,False,False,False,
Fareham,DateScraper,Ocella2,scrapers.dates.ocella,FarehamScraper,False,False,False,
Fenland,DateScraper,Idox,scrapers.dates.idox2,FenlandScraper,False,False,False,
FermanaghOmagh,DateScraper,IdoxNI,scrapers.dates.idoxni,FermanaghOmaghScraper,False,False,False,
Fife,DateScraper,Idox,scrapers.dates.idoxscots,FifeScraper,False,False,False,
Flintshire,DateScraper,Custom,scrapers.dates.flintshire,FlintshireScraper,False,False,False,
ForestOfDean,DateScraper,Idox,scrapers.dates.idox2,ForestOfDeanScraper,False,False,False,
Fylde,DateScraper,Idox,scrapers.dates.idoxendexc,FyldeScraper,False,False,False,
Gateshead,DateScraper,Idox,scrapers.dates.idoxcrumb,GatesheadScraper,False,False,False,
Gedling,DateScraper,Idox,scrapers.dates.idox2,GedlingScraper,False,False,False,
Glamorgan,DateScraper,GlamBridge,scrapers.dates.glambridge,GlamorganScraper,False,False,False,
Glasgow,DateScraper,Idox,scrapers.dates.idoxscots,GlasgowScraper,False,False,False,
Gloucester,DateScraper,Idox,scrapers.dates.idox2,GloucesterScraper,False,False,False,
Gloucestershire,DateScraper,Idox,scrapers.dates.idox2,GloucestershireScraper,False,False,False,
Gosport,DateScraper,Idox,scrapers.dates.idox2,GosportScraper,False,False,False,
Gravesham,DateScraper,Idox,scrapers.dates.idox2,GraveshamScraper,False,False,False,
GreatYarmouth,DateScraper,Ocella2,scrapers.dates.ocella,GreatYarmouthScraper,False,False,False,
Greenwich,DateScraper,Idox,scrapers.dates.idoxendexc,GreenwichScraper,False,False,False,
Guernsey,DateScraper,AppSearchServ,scrapers.dates.appsearchserv,GuernseyScraper,False,False,False,
Guildford,DateScraper,Idox,scrapers.dates.idoxendexc,GuildfordScraper,False,False,False,
Gwynedd,DateScraper,SwiftLG,scrapers.dates.swiftlg,GwyneddScraper,False,False,False,
Hackney,DateScraper,PlanningExplorer,scrapers.dates.planningexplorer,HackneyScraper,False,False,False,
Halton,DateReqScraper,Custom,scrapers.reqs.halton,HaltonScraper,False,True,False,
Hambleton,DateScraper,Idox,scrapers.dates.idox2,HambletonScraper,False,False,False,
Hammersmith,DateScraper,Idox,scrapers.dates.idox,HammersmithScraper,False,False,False,
Hampshire,ListScraper,Custom,scrapers.listers.hampshire,HampshireScraper,False,False,False,
Harborough,DateScraper,Idox,scrapers.dates.idox2,HarboroughScraper,False,False,False,
Haringey,DateScraper,AppSearchServ,scrapers.dates.appsearchserv,HaringeyScraper,False,False,False,
Harlow,DateScraper,Idox,scrapers.dates.idox2,HarlowScraper,False,False,False,was Fastweb
Harrogate,DateScraper,Idox,scrapers.dates.idox2,HarrogateScraper,False,False,False,
Harrow,DateScraper,Civica,scrapers.dates.civica,HarrowScraper,False,True,False,
Hart,DateScraper,Idox,scrapers.dates.idox2,HartScraper,False,False,False,
Hartlepool,DateScraper,AppSearchServ,scrapers.dates.appsearchserv,HartlepoolScraper,False,False,False,
Hastings,DateScraper,Idox,scrapers.dates.idoxendexc,HastingsScraper,False,False,False,
Havant,DateScraper,Idox,scrapers.dates.idoxendexc,HavantScraper,False,False,False,
Havering,DateScraper,Ocella2,scrapers.dates.ocella,HaveringScraper,False,False,False,
Hereford,DateScraper,Custom,scrapers.dates.hereford,HerefordScraper,False,False,False,
Hertfordshire,DateScraper,Atrium,scrapers.dates.atrium,HertfordshireScraper,False,False,False,
Hertsmere,DateScraper,Idox,scrapers.dates.idox2,HertsmereScraper,False,False,False,
HighPeak,DateScraper,AppSearchServ,scrapers.dates.appsearchserv,HighPeakScraper,False,False,False,
Highland,DateScraper,Idox,scrapers.dates.idoxscots,HighlandScraper,False,False,False,
Hillingdon,DateScraper,Ocella2,scrapers.dates.ocella,HillingdonScraper,False,False,False,
Hinckley,DateScraper,Idox,scrapers.dates.idox,HinckleyScraper,False,False,False,
Horsham,DateScraper,Idox,scrapers.dates.idox2,HorshamScraper,False,False,False,
Hounslow,DateScraper,Thames,scrapers.dates.thames,HounslowScraper,False,False,False,
Hull,DateScraper,Idox,scrapers.dates.idox2,HullScraper,False,False,False,
Huntingdonshire,DateScraper,Idox,scrapers.dates.idox2,HuntingdonshireScraper,False,False,False,
Hyndburn,DateScraper,WAM,scrapers.dates.wam,HyndburnScraper,False,False,False,
Inverclyde,DateScraper,Idox,scrapers.dates.idoxscots,InverclydeScraper,False,False,False,
Ipswich,DateScraper,Custom,scrapers.dates.ipswich,IpswichScraper,False,False,False,
IsleOfMan,PeriodScraper,Custom,scrapers.periodic.isle_of_man,IsleOfManScraper,False,False,False,
IsleOfWight,ListScraper,Custom,scrapers.listers.isle_of_wight,IsleOfWightScraper,False,False,True,
Islington,DateScraper,PlanningExplorer,scrapers.dates.planningexplorer,IslingtonScraper,False,False,False,Was SwiftLG
Jersey,ListScraper,AnnualList,scrapers.listers.jersey,JerseyScraper,False,False,False,
Kensington,PeriodScraper,Custom,scrapers.periodic.kensington,KensingtonScraper,False,False,False,
Kent,DateScraper,Atrium,scrapers.dates.atrium,KentScraper,False,False,False,
Kettering,DateScraper,Custom,scrapers.dates.kettering,KetteringScraper,False,False,False,
KingsLynn,DateScraper,Idox,scrapers.dates.idox2,KingsLynnScraper,False,False,False,
Kingston,DateScraper,Thames,scrapers.dates.thames,KingstonScraper,False,False,False,
Kirklees,DateScraper,Custom,scrapers.dates.kirklees,KirkleesScraper,False,False,False,
Knowsley,DateScraper,Idox,scrapers.dates.idoxcrumb,KnowsleyScraper,False,False,False,
LakeDistrict,DateScraper,SwiftLG,scrapers.dates.swiftlg,LakeDistrictScraper,False,False,False,
Lambeth,DateScraper,Idox,scrapers.dates.idox2,LambethScraper,False,False,False,
Lancashire,DateScraper,Custom,scrapers.dates.lancashire,LancashireScraper,False,False,False,
Lancaster,DateScraper,Idox,scrapers.dates.idox2,LancasterScraper,False,False,False,
Leeds,DateScraper,Idox,scrapers.dates.idox2,LeedsScraper,False,False,False,
Leicester,DateScraper,Custom,scrapers.dates.leicester,LeicesterScraper,False,False,False,
Leicestershire,DateScraper,Atrium,scrapers.dates.atrium,LeicestershireScraper,False,False,False,
Lewes,DateScraper,Idox,scrapers.dates.idox2,LewesScraper,False,False,False,
Lewisham,DateScraper,Idox,scrapers.dates.idoxendexc,LewishamScraper,False,False,False,
Lichfield,DateReqScraper,IdoxReq,scrapers.reqs.idoxreq,LichfieldScraper,False,False,False,
Lincoln,DateScraper,Idox,scrapers.dates.idox2,LincolnScraper,False,False,False,was Planning Explorer
Lincolnshire,DateScraper,Atrium,scrapers.dates.atrium,LincolnshireScraper,False,False,False,
LisburnCastlereagh,DateScraper,IdoxNI,scrapers.dates.idoxni,LisburnCastlereaghScraper,False,False,False,
Liverpool,DateScraper,PlanningExplorer,scrapers.dates.planningexplorer,LiverpoolScraper,False,False,False,
LochLomond,DateScraper,Idox,scrapers.dates.idoxscots,LochLomondScraper,False,False,False,
LondonLegacy,DateScraper,SwiftLG,scrapers.dates.swiftlg,LondonLegacyScraper,False,False,False,
Luton,DateScraper,Idox,scrapers.dates.idoxcrumb,LutonScraper,False,False,False,Was Public Access
Maldon,DateScraper,Idox,scrapers.dates.idox2,MaldonScraper,False,False,False,was Civica - note from 2004 onwards
MalvernHills,DateScraper,Telerik,scrapers.dates.telerik,MalvernHillsScraper,False,False,False,was EAccessScraper
Manchester,DateScraper,Idox,scrapers.dates.idox2,ManchesterScraper,False,False,False,
Mansfield,DateScraper,Idox,scrapers.dates.idox2,MansfieldScraper,False,False,False,was Fastweb
Medway,DateScraper,Idox,scrapers.dates.idoxendexc,MedwayScraper,False,False,False,
Melton,DateScraper,Idox,scrapers.dates.idox2,MeltonScraper,False,False,False,
Mendip,DateScraper,Idox,scrapers.dates.idox2,MendipScraper,False,False,False,was PlanningExplorer
MerthyrTydfil,DateScraper,Idox,scrapers.dates.idoxcrumb,MerthyrTydfilScraper,False,False,False,
Merton,DateScraper,PlanningExplorer,scrapers.dates.planningexplorer,MertonScraper,False,False,False,
MidDevon,DateScraper,Idox,scrapers.dates.idoxcrumb,MidDevonScraper,False,False,False,
MidEastAntrim,DateScraper,IdoxNI,scrapers.dates.idoxni,MidEastAntrimScraper,False,False,False,
MidKent,DateScraper,Idox,scrapers.dates.idox,MidKentScraper,False,False,False,Combined planning service covering Maidstone and Swale - bu now excluding Tunbridge Wells
MidSussex,DateScraper,Idox,scrapers.dates.idox2,MidSussexScraper,False,False,False,
MidUlster,DateScraper,IdoxNI,scrapers.dates.idoxni,MidUlsterScraper,False,False,False,
Middlesbrough,DateScraper,Idox,scrapers.dates.idox2,MiddlesbroughScraper,False,False,False,was Ocella
Midlothian,DateScraper,Idox,scrapers.dates.idoxscots,MidlothianScraper,False,False,False,
MiltonKeynes,DateScraper,Idox,scrapers.dates.idox2,MiltonKeynesScraper,False,False,False,
MoleValley,DateScraper,SwiftLG,scrapers.dates.swiftlg,MoleValleyScraper,False,False,False,
Monmouthshire,DateScraper,WAM,scrapers.dates.wam,MonmouthshireScraper,False,False,False,
Moray,DateScraper,Idox,scrapers.dates.idoxscots,MorayScraper,False,False,False,
NIP,ListScraper,Custom,scrapers.listers.nip,NIPScraper,False,False,False,National Infrastructure Planning (England and Wales)
Neath,DateScraper,Fastweb,scrapers.dates.fastweb,NeathScraper,False,False,False,
NewForest,DateScraper,Idox,scrapers.dates.idoxendexc,NewForestScraper,False,False,False,
NewForestPark,DateScraper,Idox,scrapers.dates.idoxendexc,NewForestParkScraper,False,False,False,
Newark,DateScraper,Idox,scrapers.dates.newark,NewarkScraper,False,False,False,
NewcastleUnderLyme,DateScraper,Idox,scrapers.dates.idox2,NewcastleUnderLymeScraper,False,False,False,
NewcastleUponTyne,DateScraper,Idox,scrapers.dates.idox2,NewcastleUponTyneScraper,False,False,False,
Newham,DateScraper,Idox,scrapers.dates.idox2,NewhamScraper,False,False,False,
Newport,DateScraper,SwiftLG,scrapers.dates.swiftlg,NewportScraper,False,False,False,
NewryMourneDown,DateScraper,IdoxNI,scrapers.dates.idoxni,NewryMourneDownScraper,False,False,False,
Norfolk,DateScraper,Custom,scrapers.dates.norfolk,NorfolkScraper,False,False,False,
NorthAyrshire,DateScraper,Idox,scrapers.dates.idoxscots,NorthAyrshireScraper,False,False,False,
NorthDevon,DateScraper,Fastweb,scrapers.dates.fastweb,NorthDevonScraper,False,False,False,
NorthDorset,DateScraper,Idox,scrapers.dates.idox2,NorthDorsetScraper,False,False,False,
NorthEastDerbyshire,DateScraper,Idox,scrapers.dates.idox2,NorthEastDerbyshireScraper,False,False,False,
NorthEastLincs,DateScraper,Idox,scrapers.dates.idox2,NorthEastLincsScraper,False,False,False,
NorthHertfordshire,DateScraper,Idox,scrapers.dates.idoxendexc,NorthHertfordshireScraper,False,False,False,
NorthKesteven,DateScraper,Idox,scrapers.dates.idox,NorthKestevenScraper,False,False,False,
NorthLanarkshire,DateScraper,Idox,scrapers.dates.idoxscots,NorthLanarkshireScraper,False,False,False,
NorthLincs,ListScraper,AnnualList,scrapers.listers.northlincs,NorthLincsScraper,False,False,False,Was date scraper up to April 2016
NorthNorfolk,DateScraper,Idox,scrapers.dates.idoxendexc,NorthNorfolkScraper,False,False,False,
NorthSomerset,ListScraper,AnnualList,scrapers.listers.north_somerset,NorthSomersetScraper,False,False,False,
NorthTyneside,DateScraper,Idox,scrapers.dates.idox2,NorthTynesideScraper,False,False,False,
NorthWarwickshire,DateScraper,AppSearchServ,scrapers.dates.appsearchserv,NorthWarwickshireScraper,False,False,False,
NorthWestLeicestershire,DateScraper,Idox,scrapers.dates.idox2,NorthWestLeicestershireScraper,False,False,False,
NorthYorkMoors,DateScraper,PlanningExplorer,scrapers.dates.planningexplorer,NorthYorkMoorsScraper,False,False,False,
NorthYorkshire,DateScraper,Custom,scrapers.dates.northyorkshire,NorthYorkshireScraper,False,False,False,
Northampton,DateReqScraper,Custom,scrapers.dates.northampton,NorthamptonScraper,False,False,False,Was Civica
Northamptonshire,ListScraper,Custom,scrapers.listers.northants,NorthamptonshireScraper,False,False,False,Current planning applications only - not historical
Northumberland,DateScraper,Idox,scrapers.dates.idox2,NorthumberlandScraper,False,False,False,
NorthumberlandPark,DateScraper,Custom,scrapers.dates.northumberlandpark,NorthumberlandParkScraper,False,False,False,
Norwich,DateScraper,Idox,scrapers.dates.idoxcrumb,NorwichScraper,False,False,False,
Nottingham,DateScraper,Idox,scrapers.dates.idox2,NottinghamScraper,False,False,False,was WeeklyWAM
Nottinghamshire,DateScraper,Custom,scrapers.dates.nottinghamshire,NottinghamshireScraper,False,False,False,
Nuneaton,DateScraper,Custom,scrapers.dates.nuneaton,NuneatonScraper,False,False,False,
Oadby,DateScraper,Idox,scrapers.dates.idox,OadbyScraper,False,False,False,
Oldham,DateScraper,Idox,scrapers.dates.idoxendexc,OldhamScraper,False,False,False,
Orkney,DateScraper,Idox,scrapers.dates.idoxscots,OrkneyScraper,False,False,False,
Oxford,DateScraper,Idox,scrapers.dates.idox2,OxfordScraper,False,False,False,
Oxfordshire,DateScraper,SwiftLG,scrapers.dates.swiftlg,OxfordshireScraper,False,False,False,
PeakDistrict,PeriodScraper,Custom,scrapers.periodic.peak_district,PeakDistrictScraper,False,False,False,
PembrokeCoast,ListScraper,Custom,scrapers.listers.pembroke_coast,PembrokeCoastScraper,False,False,False,
Pembrokeshire,DateScraper,SwiftLG,scrapers.dates.swiftlg,PembrokeshireScraper,False,False,False,
Pendle,DateScraper,Idox,scrapers.dates.idox2,Pendle,False,False,False,was Civica
Perth,DateScraper,Idox,scrapers.dates.idoxscots,PerthScraper,False,False,False,
Peterborough,DateScraper,Idox,scrapers.dates.idox2,PeterboroughScraper,False,False,False,
Plymouth,DateScraper,Idox,scrapers.dates.idox2,PlymouthScraper,False,False,False,was Fastweb
Poole,DateScraper,Idox,scrapers.dates.idoxendexc,PooleScraper,False,False,False,
Portsmouth,DateScraper,Idox,scrapers.dates.idox2,PortsmouthScraper,False,False,False,
Powys,DateScraper,AppSearchServ,scrapers.dates.appsearchserv,PowysScraper,False,False,False,
Preston,DateScraper,SwiftLG,scrapers.dates.swiftlg,PrestonScraper,False,False,False,Was AppSearchServ
Purbeck,ListScraper,Custom,scrapers.listers.purbeck,PurbeckScraper,False,False,True,
Reading,DateScraper,Fastweb,scrapers.dates.fastweb,ReadingScraper,False,False,False,
Redbridge,DateScraper,SwiftLG,scrapers.dates.swiftlg,RedbridgeScraper,False,False,False,
Redcar,DateScraper,Custom,scrapers.dates.redcar,RedcarScraper,False,False,False,
Reigate,DateScraper,Idox,scrapers.dates.idox2,ReigateScraper,False,False,False,
Renfrewshire,DateScraper,Idox,scrapers.dates.idoxendexc,RenfrewshireScraper,False,False,False,
Rhondda,DateScraper,Idox,scrapers.dates.idoxendexc,RhonddaScraper,False,False,False,
RibbleValley,ListReqScraper,Custom,scrapers.reqs.ribble_valley,RibbleValleyScraper,False,False,True,
Richmond,DateScraper,Thames,scrapers.dates.thames,RichmondScraper,False,False,False,
Richmondshire,DateScraper,Idox,scrapers.dates.idox2,RichmondshireScraper,False,False,False,
Rochdale,DateScraper,Idox,scrapers.dates.idoxcrumb,RochdaleScraper,False,False,False,
Rochford,DateScraper,Astun,scrapers.dates.astun,RochfordScraper,False,False,False,
Rossendale,DateScraper,Idox,scrapers.dates.idox2,RossendaleScraper,False,False,False,Was ListScraper
Rother,DateScraper,Ocella2,scrapers.dates.ocella,RotherScraper,False,False,False,
Rotherham,DateScraper,Fastweb,scrapers.dates.fastweb,RotherhamScraper,False,False,False,was custom scraper
Rugby,DateScraper,Fastweb,scrapers.dates.fastweb,RugbyScraper,False,False,False,
Runnymede,DateScraper,PlanningExplorer,scrapers.dates.planningexplorer,RunnymedeScraper,False,False,False,
Rushcliffe,DateScraper,Idox,scrapers.dates.idox2,RushcliffeScraper,False,False,False,
Rushmoor,DateScraper,Idox,scrapers.dates.idox2,RushmoorScraper,False,False,False,
Rutland,DateScraper,SwiftLG,scrapers.dates.swiftlg,RutlandScraper,False,False,False,Was AppSearchServ
Ryedale,DateScraper,Idox,scrapers.dates.idox2,RyedaleScraper,False,False,False,
Salford,DateScraper,Idox,scrapers.dates.idox2,SalfordScraper,False,False,False,
Sandwell,DateScraper,Idox,scrapers.dates.idox2,SandwellScraper,False,False,False,
Sark,NoScraper,None,scrapers.no,SarkScraper,True,False,False,No scraper - site has PDFs only
Scarborough,DateScraper,Idox,scrapers.dates.idox2,ScarboroughScraper,False,False,False,
ScillyIsles,ListScraper,Custom,scrapers.listers.scilly_isles,ScillyIslesScraper,False,False,False,
ScottishBorders,DateScraper,Idox,scrapers.dates.idoxscots,ScottishBordersScraper,False,False,False,
Sedgemoor,DateScraper,Custom,scrapers.dates.sedgemoor,SedgemoorScraper,False,True,False,
Sefton,DateScraper,Idox,scrapers.dates.idox2,SeftonScraper,False,False,False,
Selby,DateScraper,Idox,scrapers.dates.idox2,SelbyScraper,False,False,False,
Sevenoaks,DateScraper,Idox,scrapers.dates.idox2,SevenoaksScraper,False,False,False,
Sheffield,DateScraper,Idox,scrapers.dates.idox2,SheffieldScraper,False,False,False,
Shepway,DateScraper,Idox,scrapers.dates.idox2,ShepwayScraper,False,False,False,
Shetland,DateScraper,Idox,scrapers.dates.idoxscots,ShetlandScraper,False,False,False,
Shropshire,DateScraper,Idox,scrapers.dates.idox2,ShropshireScraper,False,False,False,
Slough,DateScraper,SwiftLG,scrapers.dates.swiftlg,SloughScraper,False,False,False,
Snowdonia,DateScraper,SwiftLG,scrapers.dates.swiftlg,SnowdoniaScraper,False,False,False,
Solihull,DateScraper,Idox,scrapers.dates.idox2,SolihullScraper,False,False,False,was Custom PeriodScraper
Somerset,DateScraper,Atrium,scrapers.dates.atrium,SomersetScraper,False,False,False,
SouthAyrshire,DateScraper,Idox,scrapers.dates.idoxscots,SouthAyrshireScraper,False,False,False,
SouthBucks,DateScraper,Idox,scrapers.dates.idox2,SouthBucksScraper,False,False,False,
SouthCambridgeshire,DateScraper,SwiftLG,scrapers.dates.swiftlg,SouthCambridgeshireScraper,False,False,False,
SouthDerbyshire,DateScraper,Custom,scrapers.dates.southderbyshire,SouthDerbyshireScraper,False,False,False,
SouthDowns,DateScraper,Idox,scrapers.dates.idox2,SouthDownsScraper,False,False,False,
SouthGloucestershire,DateScraper,Idox,scrapers.dates.idox2,SouthGloucestershireScraper,False,False,False,
SouthHolland,DateScraper,Ocella2,scrapers.dates.ocella,SouthHollandScraper,False,False,False,
SouthKesteven,PeriodScraper,Custom,scrapers.periodic.southkesteven,SouthKestevenScraper,False,False,False,
SouthLakeland,DateScraper,Fastweb,scrapers.dates.fastweb,SouthLakelandScraper,False,False,False,
SouthLanarkshire,DateScraper,PlanningExplorer,scrapers.dates.planningexplorer,SouthLanarkshireScraper,False,False,False,
SouthNorfolk,DateReqScraper,IdoxReq,scrapers.reqs.idoxreq,SouthNorfolkScraper,False,False,False,Was PlanningExplorer
SouthNorthamptonshire,DateScraper,Custom,scrapers.dates.southnorthants,SouthNorthamptonshireScraper,False,False,False,
SouthOxfordshire,DateScraper,Oxon,scrapers.dates.oxon,SouthOxfordshireScraper,False,False,False,
SouthRibble,DateScraper,Idox,scrapers.dates.idox2,SouthRibbleScraper,False,False,False,
SouthSomerset,DateScraper,Custom,scrapers.dates.south_somerset,SouthSomersetScraper,False,False,False,
SouthStaffordshire,DateScraper,Idox,scrapers.dates.idox2,SouthStaffordshireScraper,False,False,False,
SouthTyneside,DateScraper,PlanningExplorer,scrapers.dates.planningexplorer,SouthTynesideScraper,False,False,False,
SouthWestDevon,DateScraper,Custom,scrapers.dates.swdevon,SouthWestDevonScraper,False,False,False,
Southampton,DateScraper,Idox,scrapers.dates.idox2,SouthamptonScraper,False,False,False,
Southend,DateScraper,Idox,scrapers.dates.idoxcrumb,SouthendScraper,False,False,False,
Southwark,DateScraper,Idox,scrapers.dates.idoxendexc,SouthwarkScraper,False,False,False,
Spelthorne,DateScraper,Astun,scrapers.dates.astun,SpelthorneScraper,False,False,False,
StAlbans,DateScraper,Civica,scrapers.dates.civica,StAlbansScraper,False,True,False,
StHelens,DateScraper,Idox,scrapers.dates.idox2,StHelensScraper,False,False,False,
Stafford,DateScraper,Idox,scrapers.dates.idox2,StaffordScraper,False,False,False,
Staffordshire,DateScraper,Custom,scrapers.dates.staffs,StaffordshireScraper,False,False,False,
StaffordshireMoorlands,DateScraper,AppSearchServ,scrapers.dates.appsearchserv,StaffordshireMoorlandsScraper,False,False,False,Was PublicAccess
Stevenage,DateScraper,Idox,scrapers.dates.idox2,StevenageScraper,False,False,False,Was custom weekly period scraper
Stirling,DateScraper,Idox,scrapers.dates.idoxscots,StirlingScraper,False,False,False,
Stockport,DateScraper,Idox,scrapers.dates.idox2,StockportScraper,False,False,False,
Stockton,DateScraper,Idox,scrapers.dates.idox2,StocktonScraper,False,False,False,
Stoke,DateScraper,Idox,scrapers.dates.idoxendexc,StokeScraper,False,False,False,
StratfordOnAvon,DateScraper,Custom,scrapers.dates.stratford,StratfordOnAvonScraper,False,False,False,
Stroud,ListScraper,AnnualList,scrapers.listers.stroud,StroudScraper,False,True,False,
Suffolk,DateScraper,Atrium,scrapers.dates.atrium,SuffolkScraper,False,False,False,
Sunderland,DateScraper,Idox,scrapers.dates.idox2,SunderlandScraper,False,False,False,
Surrey,DateScraper,Custom,scrapers.dates.surrey,SurreyScraper,False,False,False,
SurreyHeath,DateScraper,Custom,scrapers.dates.surreyheath,SurreyHeathScraper,False,False,False,
Sutton,DateScraper,Fastweb,scrapers.dates.fastweb,SuttonScraper,False,False,False,
Swansea,DateScraper,Idox,scrapers.dates.idox2,SwanseaScraper,False,False,False,was WeeklyWAM
Swindon,DateScraper,Idox,scrapers.dates.idox2,SwindonScraper,False,False,False,
Tameside,DateScraper,Custom,scrapers.dates.tameside,TamesideScraper,False,True,False,
Tamworth,DateScraper,PlanningExplorer,scrapers.dates.planningexplorer,TamworthScraper,False,False,False,
Tandridge,DateScraper,Custom,scrapers.dates.tandridge,TandridgeScraper,False,False,False,
TauntonDeane,DateScraper,Custom,scrapers.dates.tauntondeane,TauntonDeaneScraper,False,False,False,
Teignbridge,DateScraper,Custom,scrapers.dates.teignbridge,TeignbridgeScraper,False,False,False,
Telford,DateReqScraper,Custom,scrapers.reqs.telford,TelfordScraper,False,False,False,
Tendring,DateScraper,Idox,scrapers.dates.idox2,TendringScraper,False,False,False,
TestValley,DateScraper,Idox,scrapers.dates.idox,TestValleyScraper,False,False,False,
Tewkesbury,DateScraper,Idox,scrapers.dates.idox2,TewkesburyScraper,False,False,False,
Thanet,DateScraper,Idox,scrapers.dates.idox2,ThanetScraper,False,False,False,
ThreeRivers,DateScraper,Idox,scrapers.dates.idox2,ThreeRiversScraper,False,False,False,
Thurrock,DateScraper,Idox,scrapers.dates.idox2,ThurrockScraper,False,False,False,
Tonbridge,DateScraper,Idox,scrapers.dates.idox2,TonbridgeScraper,False,False,False,
Torbay,DateScraper,Idox,scrapers.dates.idox,TorbayScraper,False,False,False,
Torfaen,DateScraper,Idox,scrapers.dates.idox2,TorfaenScraper,False,False,False,
Torridge,DateScraper,Idox,scrapers.dates.idox2,TorridgeScraper,False,False,False,
TowerHamlets,DateScraper,Idox,scrapers.dates.idoxendexc,TowerHamletsScraper,False,False,False,was WeeklyWAM up to end Sep 2015
Trafford,DateScraper,Idox,scrapers.dates.idox2,TraffordScraper,False,False,False,was PlanningExplorer
TunbridgeWells,DateScraper,Idox,scrapers.dates.idox2,TunbridgeWellsScraper,False,False,False,was part of Mid Kent Planning Support Service (with Maidstone and Swale) but separated out in July 2016
Uttlesford,DateScraper,Idox,scrapers.dates.idox2,UttlesfordScraper,False,False,False,
Wakefield,DateScraper,Idox,scrapers.dates.idox2,WakefieldScraper,False,False,False,
Walsall,DateScraper,SwiftLG,scrapers.dates.swiftlg,WalsallScraper,False,False,False,was Custom
WalthamForest,DateScraper,Civica,scrapers.dates.walthamforest,WalthamForestScraper,False,True,True,was PlanningExplorer
Wandsworth,DateScraper,PlanningExplorer,scrapers.dates.planningexplorer,WandsworthScraper,False,False,False,
Warrington,DateScraper,SwiftLG,scrapers.dates.swiftlg,WarringtonScraper,False,False,False,
Warwick,DateScraper,Idox,scrapers.dates.idoxendexc,WarwickScraper,False,False,False,
Warwickshire,DateScraper,SwiftLG,scrapers.dates.swiftlg,WarwickshireScraper,False,False,False,
Watford,DateScraper,Idox,scrapers.dates.idox2,WatfordScraper,False,False,False,
Waverley,ListScraper,AnnualList,scrapers.listers.waverley,WaverleyScraper,False,False,False,
Wealden,DateScraper,Custom,scrapers.dates.wealden,WealdenScraper,False,False,False,
Wellingborough,DateScraper,Idox,scrapers.dates.idox2,WellingboroughScraper,False,False,False,Was AppSearchServ up to Mar 2014
WelwynHatfield,DateScraper,Custom,scrapers.dates.welwynhatfield,WelwynHatfieldScraper,False,False,False,was Fastweb
WestBerkshire,DateScraper,Idox,scrapers.dates.idox2,WestBerkshireScraper,False,False,False,
WestDorset,DateScraper,DorsetForYou,scrapers.dates.dorsetforyou,WestDorsetScraper,False,False,False,
WestDunbartonshire,DateScraper,Custom,scrapers.dates.westdunbarton,WestDunbartonshireScraper,False,False,False,
WestLancashire,DateScraper,Idox,scrapers.dates.idox2,WestLancashireScraper,False,False,False,
WestLindsey,DateScraper,Custom,scrapers.dates.westlindsey,WestLindseyScraper,False,False,False,
WestLothian,DateScraper,Idox,scrapers.dates.idoxendexc,WestLothianScraper,False,False,False,was WeeklyWAM
WestOxfordshire,DateScraper,Idox,scrapers.dates.idox2,WestOxfordshireScraper,False,False,False,
WestSomerset,DateReqScraper,IdoxReq,scrapers.reqs.idoxreq,WestSomersetScraper,False,False,False,
WestSuffolk,DateScraper,Idox,scrapers.dates.idox2,WestSuffolkScraper,False,False,False,Combined planning service covering Forest Heath and St Edmundsbury
WestSussex,DateScraper,Atrium,scrapers.dates.atrium,WestSussexScraper,False,False,False,
WesternIsles,DateScraper,Idox,scrapers.dates.idoxscots,WesternIslesScraper,False,False,False,
Westminster,DateScraper,Idox,scrapers.dates.idox2,WestminsterScraper,False,False,False,
Weymouth,DateScraper,DorsetForYou,scrapers.dates.dorsetforyou,WeymouthScraper,False,False,False,
WhiteHorse,DateScraper,Oxon,scrapers.dates.oxon,WhiteHorseScraper,False,False,False,
Wigan,DateScraper,Custom,scrapers.dates.wigan,WiganScraper,False,False,False,
Wiltshire,DateScraper,PlanningExplorer,scrapers.dates.planningexplorer,WiltshireScraper,False,False,False,
Winchester,DateScraper,Idox,scrapers.dates.idox2,WinchesterScraper,False,False,False,
Windsor,DateScraper,Idox,scrapers.dates.idox2,WindsorScraper,False,False,False,Was Custom Date scraper
Wirral,DateReqScraper,IdoxReq,scrapers.reqs.wirral,WirralScraper,False,False,False,was AcolNet
Woking,DateScraper,Idox,scrapers.dates.idoxcrumb,WokingScraper,False,False,False,
Wokingham,PeriodReqScraper,Custom,scrapers.reqs.wokingham,WokinghamScraper,False,False,False,
Wolverhampton,DateScraper,Idox,scrapers.dates.idox2,WolverhamptonScraper,False,False,False,
Worcester,DateScraper,Ocella2,scrapers.dates.ocella,WorcesterScraper,False,False,False,
Worcestershire,DateScraper,SwiftLG,scrapers.dates.swiftlg,WorcestershireScraper,False,False,False,Was PublicAccess
Wrexham,DateScraper,Civica,scrapers.dates.civica,WrexhamScraper,False,True,False,
Wychavon,DateScraper,Telerik,scrapers.dates.telerik,WychavonScraper,False,False,False,was month based PeriodScraper
Wycombe,DateScraper,Idox,scrapers.dates.idox2,WycombeScraper,False,False,False,
Wyre,DateReqScraper,IdoxReq,scrapers.reqs.idoxreq,WyreScraper,False,False,False,Was custom annual scraper up to July 2016
WyreForest,DateScraper,Fastweb,scrapers.dates.fastweb,WyreForestScraper,False,False,False,
York,DateScraper,Idox,scrapers.dates.idox2,YorkScraper,False,False,False,
YorkshireDales,DateScraper,Custom,scrapers.dates.yorkshiredales,YorkshireDalesScraper,False,False,False,
